Language Code,Language Name,App Name (<=30),Short Description (<=80),Full Description (<4000)
es,Spanish,Claritas: Noticias SNR Alto,Noticias curadas con alta relación señal-ruido.,"Claritas es tu aplicación de noticias y análisis inteligente impulsada por IA. Filtra el ruido mediático, detecta exageraciones y titulares engañosos, ofrece resúmenes de audio personalizados y resúmenes estructurados para un consumo de información eficiente y de alta calidad."
fr,French,Claritas: Actualités SNR,Actualités filtrées et intelligence de haute précision.,"Claritas est votre application d'actualités et d'analyse intelligente propulsée par l'IA. Filtrez le bruit médiatique, détectez les pièges et bénéficiez de résumés audio personnalisés pour une consommation d'information rapide et de haute qualité."
de,German,Claritas: Nachrichten SNR,Gefilterte Nachrichten und intelligente Analysen.,"Claritas ist Ihre intelligente Nachrichten- und Analyse-App. Filtern Sie Medienlärm, erkennen Sie manipulative Schlagzeilen und nutzen Sie personalisierte Audio-Zusammenfassungen für eine effiziente Informationsaufnahme."
ja,Japanese,Claritas: 高SNRニュース,ノイズを排除した高度なニュース分析。,ClaritasはAIを活用した高度なニュースキュレーションアプリです。メディアのノイズを除去し、偏ったヘッドラインを検出し、パーソナライズされたオーディオダイジェストを提供します。
zh,Chinese Simplified,Claritas: 高SNR新闻雷达,高信噪比的智能新闻精选。,Claritas 是一款由人工智能驱动的智能新闻分析应用。它能精准过滤媒体杂音、识别诱导性标题，提供个性化音频文摘与深度解析，助您高效获取有价值的信息。
zh-rTW,Chinese Traditional,Claritas: 高SNR新聞雷達,高信噪比的智能新聞精選。,Claritas 是一款由人工智慧驅動的智慧新聞分析應用。它能精準過濾媒體雜音、識別誘導性標題，提供個性化音頻文摘與深度解析，助您高效獲取有價值的資訊。
ar,Arabic,Claritas: أخبار عالية النقاء,أخبار منتقاة بعناية لتقليل التشويش.,Claritas هو تطبيق الذكاء الاصطناعي لتحليل الأخبار بتركيز عالٍ على دقة المعلومات واستبعاد العناوين المضللة وتقديم ملخصات صوتية مخصصة.
hi,Hindi,Claritas: उच्च SNR समाचार,उच्च संकेत-से-शोर अनुपात वाले चुनिंदा समाचार।,"Claritas एआई-संचालित समाचार और विश्लेषण ऐप है। यह मीडिया के शोर को फ़िल्टर करता है, भ्रामक सुर्खियों का पता लगाता है, और कुशल जानकारी उपभोग के लिए ऑडियो डाइजेस्ट प्रदान करता है।"
pt,Portuguese,Claritas: Notícias SNR Alto,Notícias curadas com alta relação sinal-ruído.,"Claritas é o seu aplicativo de notícias e inteligência analítica alimentado por IA. Filtre o ruído da mídia, detete iscas de cliques e aproveite resumos em áudio personalizados para uma leitura eficiente."
ru,Russian,Claritas: Новости с высоким SNR,Качественные новости без лишнего информационного шума.,"Claritas — это интеллектуальное новостное приложение на базе искусственного интеллекта. Фильтруйте медиашум, выявляйте кликбейт и слушайте персонализированные аудиовыжимки."
it,Italian,Claritas: Notizie SNR Alto,Notizie filtrate con alta qualità e zero rumore.,"Claritas è l'app di notizie e analisi intelligente basata sull'intelligenza artificiale. Filtra il rumore mediatico, rileva titoli ingannevoli e goditi riassunti audio personalizzati."
ko,Korean,Claritas: 고SNR 뉴스 레이더,노이즈를 제거한 고품질 뉴스 큐레이션.,Claritas는 AI 기반의 지능형 뉴스 분석 앱입니다. 미디어 노이즈를 필터링하고 자극적인 헤드라인을 감지하여 고효율 뉴스 요약 및 오디오 다이제스트를 제공합니다.
nl,Dutch,Claritas: Hoge SNR Nieuws,Gefilterd nieuws met hoge signaal-ruisverhouding.,"Claritas is uw intelligente nieuws- en analyse-app aangedreven door AI. Filter media-ruis, detecteer clickbait en geniet van gepersonaliseerde audio-samenvattingen."
pl,Polish,Claritas: Wiadomości SNR,Wiadomości wysokiej jakości bez szumu medialnego.,"Claritas to inteligentna aplikacja informacyjna i analityczna oparta na sztucznej inteligencji. Filtruj szum medialny, wykrywaj clickbait i korzystaj ze spersonalizowanych podsumowań audio."
tr,Turkish,Claritas: Yüksek SNR Haberler,Gürültüden arındırılmış akıllı haber kürasyonu.,"Claritas, yapay zeka destekli bir haber ve analiz uygulamasıdır. Medya gürültüsünü filtreleyin, yanıltıcı başlıkları tespit edin ve kişiselleştirilmiş sesli özetlerin tadını çıkarın."
vi,Vietnamese,Claritas: Tin Tức SNR Cao,Tin tức chọn lọc với tỷ lệ tín hiệu trên nhiễu cao.,"Claritas là ứng dụng tin tức và phân tích thông minh hỗ trợ bởi AI. Lọc nhiễu truyền thông, phát hiện tin giật gân, và cung cấp bản tin âm thanh cá nhân hóa giúp bạn tiếp thu thông tin hiệu quả."
th,Thai,Claritas: ข่าวกรอง SNR สูง,ข่าวคัดสรรคุณภาพสูงปราศจากเสียงรบกวน,Claritas เป็นแอปพลิเคชันวิเคราะห์และคัดสรรข่าวกรองด้วย AI กรองเสียงรบกวนจากสื่อ ตรวจจับพาดหัวข่าวล่อลวง และสรุปเสียงส่วนตัวเพื่อการเสพข้อมูลที่มีประสิทธิภาพ
id,Indonesian,Claritas: Berita SNR Tinggi,Kurasi berita berkualitas tinggi tanpa kebisingan.,"Claritas adalah aplikasi berita dan analisis cerdas berbasis AI. Saring kebisingan media, deteksi clickbait, dan nikmati ringkasan audio yang dipersonalisasi untuk konsumsi informasi yang efisien."
uk,Ukrainian,Claritas: Новини з високим SNR,Якісні новини без інформаційного шуму.,Claritas — це інтелектуальний додаток для новин та аналізу на базі штучного інтелекту. Фільтруйте медіашум та отримуйте персоналізовані аудіовижимки.
sv,Swedish,Claritas: Hög SNR Nyheter,Kurerade nyheter med hög signal-brus-relation.,"Claritas är din AI-drivna nyhets- och analysapp. Filtrera bort mediebrus, upptäck clickbait och njut av personliga ljudsammanfattningar."
cs,Czech,Claritas: Zprávy s vysokým SNR,Kvalitní zprávy bez mediálního šumu.,"Claritas je inteligentní zpravodajská a analytická aplikace s podporou AI. Filtrujte šum, detekujte clickbait a užívejte si personalizovaná audio shrnutí."
el,Greek,Claritas: Ειδήσεις High SNR,Επιλεγμένες ειδήσεις υψηλς ποιότητας.,Claritas είναι η εφαρμογή ειδήσεων και ανάλυσης με τεχνητή νοημοσύνη. Φιλτράρετε τον θόρυβο των MME και απολαύστε εξατομικευμένες περιλήψεις ήχου.
hu,Hungarian,Claritas: Magas SNR Hírek,Kiváló minőségű hírek zajmentesen.,Claritas egy mesterséges intelligenciával támogatott hír- és elemző alkalmazás. Szűrje ki a zajt és élvezze a személyre szabott hangalapú összefoglalókat.
ro,Romanian,Claritas: Știri SNR Ridicat,Știri filtrate cu o calitate excelentă.,Claritas este aplicația dvs. de știri și analiză bazată pe AI. Filtrați zgomotul media și bucurați-vă de rezumate audio personalizate.
da,Danish,Claritas: Høj SNR Nyheder,Kuraterede nyheder med minimalt støj.,"Claritas er din AI-drevne nyheds- og analyseapp. Filtrer mediestøj, detekter clickbait og lyt til personlige lydresuméer."
fi,Finnish,Claritas: Korkean SNR Uutiset,Laadukkaat uutiset ilman mediakohinaa.,Claritas on tekoälypohjainen uutisten- ja analyysisovellus. Suodata mediakohina ja nauti henkilökohtaisista äänikoosteista.
nb,Norwegian,Claritas: Høy SNR Nyheter,Kuraterte nyheter med høy presisjon.,Claritas er din AI-drevne nyhets- og analyseapp. Filtrer bort mediestøy og få personlige lydoppsummeringer.
sk,Slovak,Claritas: Správy s vysokým SNR,Kvalitné správy bez mediálneho šumu.,Claritas je inteligentná spravodajská a analytická aplikácia s podporou AI pre efektívny príjem informácií.
bg,Bulgarian,Claritas: Новини с висок SNR,Качествени новини без излишен шум.,Claritas е интелигентно приложение за новини и анализ с изкуствен интелект. Филтрирайте медийния шум и слушайте персонализирани аудиорезюмета.
hr,Croatian,Claritas: Vijesti Visokog SNR-a,Kvalitetne vijesti bez medijske buke.,Claritas je inteligentna aplikacija za vijesti i analizu pokretana umjetnom inteligencijom.
sr,Serbian,Claritas: Vesti Visokog SNR-a,Kvalitetne vesti bez medijske buke.,Claritas je inteligentna aplikacija za vesti i analizu pokretana veštačkom inteligencijom.
lt,Lithuanian,Claritas: Aukšto SNR Naujienos,Kokybiškos naujienos be medijos triukšmo.,Claritas yra dirbtinio intelekto valdoma naujienų ir analizės programėlė.
lv,Latvian,Claritas: Augsta SNR Ziņas,Kvalitatīvas ziņas bez lieka trokšņa.,Claritas ir mākslīgā intelektā balstīta ziņu un analīzes lietotne.
et,Estonian,Claritas: Kõrge SNR Uudised,Kvaliteetsed uudised ilma meediakärata.,Claritas on tehisintellektil põhinev uudiste- ja analüüsirakendus.
sl,Slovenian,Claritas: Novice Visokega SNR,Kakovostne novice brez medijskega hrupa.,Claritas je pametna aplikacija za novice in analizo na podlagi umetne inteligence.
he,Hebrew,Claritas: חדשות SNR גבוה,חדשות איכותיות מסוננות בקפידה.,Claritas הוא יישום חדשות וניתוח חכם מבוסס בינה מלאכותית הסינון הרעש המדיה.
fa,Persian,Claritas: اخبار SNR بالا,اخبار با کیفیت بالا و بدون سر و صدا.,Claritas برنامه هوشمند اخبار و تحلیل مبتنی بر هوش مصنوعی برای مصرف کارآمد اطلاعات است.
bn,Bengali,Claritas: উচ্চ SNR সংবাদ,শব্দহীন উচ্চ মানের কিरेटेड সংবাদ।,Claritas হল একটি এআই-চালিত সংবাদ এবং বিশ্লেষণ অ্যাপ যা মিডিয়ার শব্দ ফিল্টার করে।
ur,Urdu,Claritas: اعلی SNR خبریں,شور کے بغیر اعلیٰ معیار کی خبریں۔,Claritas ایک AI سے چلنے والی خبروں اور تجزیہ کی ایپ ہے جو میڈیا کے شور کو فلتر کرتی ہے۔
ta,Tamil,Claritas: உயர் SNR செய்தி,சத்தம் இல்லாத உயர் தரமான செய்திகள்.,Claritas என்பது AI இயங்கும் செய்தி மற்றும் பகுப்பாய்வு பயன்பாடாகும்.
te,Telugu,Claritas: అధిక SNR వార్తలు,శబ్దం లేని అధిక నాణ్యత వార్తలు.,Claritas అనేది AI ఆధారిత వార్తలు మరియు విశ్లేషణల యాప్.
ml,Malayalam,Claritas: ഉയർന്ന SNR വാർത്തകൾ,ശബ്ദമില്ലാത്ത ഉയർന്ന നിലവാരമുള്ള വാർത്തകൾ.,Claritas എന്നത് AI പവർ ചെയ്യുന്ന വാർത്താ വിശകലന ആപ്പാണ്.
kn,Kannada,Claritas: მაღალი SNR ახალი ამბები,ಶಬ್ದವಿಲ್ಲದ ಉತ್ತಮ ಗುಣಮಟ್ಟದ ಸುದ್ದಿ.,Claritas ಎಂಬುದು AI ಚಾಲಿತ ಸುದ್ದಿ ಮತ್ತು ವಿಶ್ಲೇಷಣೆ ಅಪ್ಲಿಕೇಶನ್ ಆಗಿದೆ.
mr,Marathi,Claritas: उच्च SNR बातम्या,गोंगाटाशिवाय उच्च दर्जाच्या बातम्या.,Claritas हे AI-संचालित बातम्या आणि विश्लेषण ॲप आहे.
gu,Gujarati,Claritas: ઉચ્ચ SNR સમાચાર,ઘોங்காડા વગરના ઉચ્ચ ગુણવત્તાવાળા સમાચાર.,Claritas એ AI-સંચાલિત સમાચાર અને વિશ્લેષણ એપ્લિકેશન છે.
pa,Punjabi,Claritas: ਉੱਚ SNR ਖਬਰਾਂ,ਸ਼ੋਰ ਤੋਂ ਬினਾਂ ਉੱਚ ਗੁਣਵੱਤਾ ਖਬਰਾਂ.,Claritas ਇੱਕ AI-संचालित ਖ਼ਬਰਾਂ ਅਤੇ ਵਿਸ਼ਲੇਸ਼ਣ ਐਪ ਹੈ।
sw,Swahili,Claritas: Habari za SNR ya Juu,Habari za ubora wa juu bila kelele.,Claritas ni programu ya habari na uchភាគි inayoendeshwa na AI.
tl,Tagalog,Claritas: Mataas na SNR Balita,Na-curate na balita na walang ing,Claritas ay isang AI-powered na app ng balita at pagsusuri.
ms,Malay,Claritas: Berita SNR Tinggi,Berita berkualiti tinggi tanpa gangguan.,Claritas ialah aplikasi berita dan analisis dikuasakan AI.
af,Afrikaans,Claritas: Hoë SNR Nuus,Gekureerde nuus sonder geraas.,Claritas is jou KI-gedrewe nuus- en ontledingstoepassing.
sq,Albanian,Claritas: Lajme SNR e Lartë,Lajme të zgjedhura me cilësi të lartë.,Claritas është aplikacioni juaj i lajmeve dhe analizave i mundësuar nga AI.
am,Amharic,Claritas: ከፍተኛ SNR ዜና,ከፍተኛ ጥራት ያለው የተመረጠ ዜና።,Claritas በAI የተמራ ዜና እና ትንተና መተግበሪያ ነው።
hy,Armenian,Claritas: Բարձր SNR Նորություններ,Բարձրորակ ընտրանի նորություններ առանց աղմուկի:,Claritas-ը արհեստական ​​բանականությամբ աշխատող լուրերի հավելված է:
az,Azerbaijani,Claritas: Yüksək SNR Xəbərlər,Səssiz və yüksək keyfiyyətli xəbərlər.,Claritas süni intellektə əsaslanan xəbər və təhlil tətbiqidir.
eu,Basque,Claritas: SNR Handiko Albisteak,Zaratarik gabeko kalitatezko albisteak.,Claritas AI-vel bultzatutako albiste eta analisiaren aplikazioa da.
be,Belarusian,Claritas: Навіны з высокім SNR,Якасныя навіны без медыйнага шуму.,Claritas — гэта інтэлектуальнае прыкладанне для навін на базе штучнага інтэлекту.
bs,Bosnian,Claritas: Vijesti Visokog SNR-a,Kvalitetne vijesti bez medijske buke.,Claritas je inteligentna aplikacija za vijesti i analizu pokretana vještačkom inteligencijom.
ca,Catalan,Claritas: Notícies SNR Alt,Notícies comissades d'alta qualitat.,Claritas és la vostra aplicació de notícies i anàlisi impulsada per IA.
gl,Galician,Claritas: Novas SNR Alto,Novas filtradas de alta calidade.,Claritas é a túa aplicación de novas e análise impulsada por intelixencia artificial.
is,Icelandic,Claritas: Hár SNR Fréttir,Gæðafréttir án miðlunarhávaða.,Claritas er gervigreindardrifið frétta- og greiningarforrit.
